id,domains,phase,service,title,url,silver_page,priority,status,doc_title,attempts,err,raw_path,md_path,bytes_html,bytes_md,fetched_at
EXAM-01,EXAM,0,AWS Certification,AWS Certified Solutions Architect - Associate (página oficial del examen),https://aws.amazon.com/certification/certified-solutions-architect-associate/,examen.html,1,ok,,0,descargado en ejecución anterior,/home/z/my-project/download/saa-study-pack/bronze/raw/0-exam-y-recursos-oficiales/EXAM-01.html,/home/z/my-project/download/saa-study-pack/bronze/markdown/0-exam-y-recursos-oficiales/EXAM-01.md,83348,4592,previo
EXAM-02,EXAM,0,AWS Certification,Exam Guide oficial SAA-C03 (HTML en AWS Docs),https://docs.aws.amazon.com/aws-certification/latest/solutions-architect-associate-03/solutions-architect-associate-03.html,examen.html,1,ok,,0,descargado en ejecución anterior,/home/z/my-project/download/saa-study-pack/bronze/raw/0-exam-y-recursos-oficiales/EXAM-02.html,/home/z/my-project/download/saa-study-pack/bronze/markdown/0-exam-y-recursos-oficiales/EXAM-02.md,31056,6834,previo
EXAM-03,EXAM,0,AWS Certification,Exam Guide oficial SAA-C03 (PDF),https://d1.awsstatic.com/training-and-certification/docs-sa-assoc/AWS-Certified-Solutions-Architect-Associate_Exam-Guide_C03.pdf,examen.html,1,ok,AWS Certified Solutions Architect - Associate (SAA-C03) Exam Guide,1,,/home/z/my-project/download/saa-study-pack/bronze/raw/0-exam-y-recursos-oficiales/EXAM-03.pdf,/home/z/my-project/download/saa-study-pack/bronze/markdown/0-exam-y-recursos-oficiales/EXAM-03.md,171606,33311,2026-09-11T03:35:01
EXAM-04,EXAM,0,AWS Skill Builder,Categoría Exam Prep SAA-C03 en AWS Skill Builder,https://skillbuilder.aws/category/exam-prep/solutions-architect-associate-SAA-C03,skill-builder.html,1,ok,,0,descargado en ejecución anterior,/home/z/my-project/download/saa-study-pack/bronze/raw/0-exam-y-recursos-oficiales/EXAM-04.html,/home/z/my-project/download/saa-study-pack/bronze/markdown/0-exam-y-recursos-oficiales/EXAM-04.md,164422,906,previo
EXAM-05,EXAM,0,AWS Skill Builder,Exam Prep Plan: AWS Certified Solutions Architect - Associate (SAA-C03),https://skillbuilder.aws/learning-plan/UYRXS2DF85/exam-prep-plan-aws-certified-solutions-architect--associate-saac03--english/U991QUF9C3,skill-builder.html,2,ok,,0,descargado en ejecución anterior,/home/z/my-project/download/saa-study-pack/bronze/raw/0-exam-y-recursos-oficiales/EXAM-05.html,/home/z/my-project/download/saa-study-pack/bronze/markdown/0-exam-y-recursos-oficiales/EXAM-05.md,3657411,314,previo
EXAM-06,EXAM,0,AWS Whitepapers,AWS Whitepapers & Guides (centro oficial),https://aws.amazon.com/whitepapers/,fuentes.html,3,ok,,0,descargado en ejecución anterior,/home/z/my-project/download/saa-study-pack/bronze/raw/0-exam-y-recursos-oficiales/EXAM-06.html,/home/z/my-project/download/saa-study-pack/bronze/markdown/0-exam-y-recursos-oficiales/EXAM-06.md,75008,812,previo
FND-01,"D1,D2,D3",1,AWS Overview,AWS Overview whitepaper - Introduction,https://docs.aws.amazon.com/whitepapers/latest/aws-overview/introduction.html,fundamentos.html,1,ok,,0,descargado en ejecución anterior,/home/z/my-project/download/saa-study-pack/bronze/raw/1-fundamentos-y-well-architected/FND-01.html,/home/z/my-project/download/saa-study-pack/bronze/markdown/1-fundamentos-y-well-architected/FND-01.md,13908,2480,previo
FND-02,"D1,D2",1,AWS Overview,"AWS Overview - AWS global infrastructure (Regions, AZs, edge)",https://docs.aws.amazon.com/whitepapers/latest/aws-overview/aws-global-infrastructure.html,fundamentos.html,1,ok,,0,descargado en ejecución anterior,/home/z/my-project/download/saa-study-pack/bronze/raw/1-fundamentos-y-well-architected/FND-02.html,/home/z/my-project/download/saa-study-pack/bronze/markdown/1-fundamentos-y-well-architected/FND-02.md,13918,2489,previo
FND-03,"D1,D2,D3,D4",1,Well-Architected,AWS Well-Architected Framework - Welcome,https://docs.aws.amazon.com/wellarchitected/latest/framework/welcome.html,well-architected.html,1,ok,AWS Well-Architected Framework - AWS Well-Architected Framework,1,,/home/z/my-project/download/saa-study-pack/bronze/raw/1-fundamentos-y-well-architected/FND-03.html,/home/z/my-project/download/saa-study-pack/bronze/markdown/1-fundamentos-y-well-architected/FND-03.md,17854,4160,2026-09-11T03:20:21
FND-04,"D1,D2,D3,D4",1,Well-Architected,Well-Architected Framework - The six pillars,https://docs.aws.amazon.com/wellarchitected/latest/framework/pillars.html,well-architected.html,1,ok,AWS Well-Architected Framework - AWS Well-Architected Framework,1,,/home/z/my-project/download/saa-study-pack/bronze/raw/1-fundamentos-y-well-architected/FND-04.html,/home/z/my-project/download/saa-study-pack/bronze/markdown/1-fundamentos-y-well-architected/FND-04.md,7626,4113,2026-09-11T03:20:29
FND-05,D1,1,Well-Architected,Well-Architected - Security pillar,https://docs.aws.amazon.com/wellarchitected/latest/framework/security.html,well-architected.html,2,ok,Security - AWS Well-Architected Framework,1,,/home/z/my-project/download/saa-study-pack/bronze/raw/1-fundamentos-y-well-architected/FND-05.html,/home/z/my-project/download/saa-study-pack/bronze/markdown/1-fundamentos-y-well-architected/FND-05.md,10105,1262,2026-09-11T03:20:34
FND-06,D2,1,Well-Architected,Well-Architected - Reliability pillar,https://docs.aws.amazon.com/wellarchitected/latest/framework/reliability.html,well-architected.html,2,ok,Reliability - AWS Well-Architected Framework,1,,/home/z/my-project/download/saa-study-pack/bronze/raw/1-fundamentos-y-well-architected/FND-06.html,/home/z/my-project/download/saa-study-pack/bronze/markdown/1-fundamentos-y-well-architected/FND-06.md,10312,1457,2026-09-11T03:20:41
FND-07,D3,1,Well-Architected,Well-Architected - Performance Efficiency pillar,https://docs.aws.amazon.com/wellarchitected/latest/framework/performance-efficiency.html,well-architected.html,2,ok,Performance efficiency - AWS Well-Architected Framework,1,,/home/z/my-project/download/saa-study-pack/bronze/raw/1-fundamentos-y-well-architected/FND-07.html,/home/z/my-project/download/saa-study-pack/bronze/markdown/1-fundamentos-y-well-architected/FND-07.md,10259,1384,2026-09-11T03:20:46
FND-08,D4,1,Well-Architected,Well-Architected - Cost Optimization pillar,https://docs.aws.amazon.com/wellarchitected/latest/framework/cost-optimization.html,well-architected.html,2,ok,Cost optimization - AWS Well-Architected Framework,1,,/home/z/my-project/download/saa-study-pack/bronze/raw/1-fundamentos-y-well-architected/FND-08.html,/home/z/my-project/download/saa-study-pack/bronze/markdown/1-fundamentos-y-well-architected/FND-08.md,10186,1278,2026-09-11T03:20:50
FND-09,D2,1,Well-Architected,Well-Architected - Operational Excellence pillar,https://docs.aws.amazon.com/wellarchitected/latest/framework/operational-excellence.html,well-architected.html,3,ok,Operational excellence - AWS Well-Architected Framework,1,,/home/z/my-project/download/saa-study-pack/bronze/raw/1-fundamentos-y-well-architected/FND-09.html,/home/z/my-project/download/saa-study-pack/bronze/markdown/1-fundamentos-y-well-architected/FND-09.md,10436,1504,2026-09-11T03:20:56
FND-10,D3,1,Well-Architected,Well-Architected - Sustainability pillar,https://docs.aws.amazon.com/wellarchitected/latest/framework/sustainability-pillar.html,well-architected.html,3,ok,AWS Well-Architected Framework - AWS Well-Architected Framework,1,,/home/z/my-project/download/saa-study-pack/bronze/raw/1-fundamentos-y-well-architected/FND-10.html,/home/z/my-project/download/saa-study-pack/bronze/markdown/1-fundamentos-y-well-architected/FND-10.md,17858,4162,2026-09-11T03:21:06
FND-11,D1,1,IAM,"IAM User Guide - Introduction (users, groups, roles, policies)",https://docs.aws.amazon.com/IAM/latest/UserGuide/introduction.html,iam.html,1,ok,,0,descargado en ejecución anterior,/home/z/my-project/download/saa-study-pack/bronze/raw/1-fundamentos-y-well-architected/FND-11.html,/home/z/my-project/download/saa-study-pack/bronze/markdown/1-fundamentos-y-well-architected/FND-11.md,19342,3252,previo
FND-12,D1,1,IAM,"IAM - Security best practices (least privilege, MFA, root user)",https://docs.aws.amazon.com/IAM/latest/UserGuide/best-practices.html,iam.html,1,ok,Security best practices in IAM,1,,/home/z/my-project/download/saa-study-pack/bronze/raw/1-fundamentos-y-well-architected/FND-12.html,/home/z/my-project/download/saa-study-pack/bronze/markdown/1-fundamentos-y-well-architected/FND-12.md,65954,22055,2026-09-11T03:21:14
FND-13,D1,1,IAM,"IAM - Roles (role switching, cross-account access, STS)",https://docs.aws.amazon.com/IAM/latest/UserGuide/id_roles.html,iam.html,1,ok,AWS Identity and Access Management,1,,/home/z/my-project/download/saa-study-pack/bronze/raw/1-fundamentos-y-well-architected/FND-13.html,/home/z/my-project/download/saa-study-pack/bronze/markdown/1-fundamentos-y-well-architected/FND-13.md,43351,2872,2026-09-11T03:21:21
FND-14,D1,1,IAM,IAM - Policies and permissions (identity vs resource policies),https://docs.aws.amazon.com/IAM/latest/UserGuide/access_policies.html,iam.html,1,ok,Policies and permissions in AWS Identity and Access Management,1,,/home/z/my-project/download/saa-study-pack/bronze/raw/1-fundamentos-y-well-architected/FND-14.html,/home/z/my-project/download/saa-study-pack/bronze/markdown/1-fundamentos-y-well-architected/FND-14.md,97300,16636,2026-09-11T03:21:27
FND-15,D1,1,AWS STS,AWS Security Token Service - API reference (welcome),https://docs.aws.amazon.com/STS/latest/APIReference/welcome.html,iam.html,2,ok,Welcome - AWS Security Token Service,1,,/home/z/my-project/download/saa-study-pack/bronze/raw/1-fundamentos-y-well-architected/FND-15.html,/home/z/my-project/download/saa-study-pack/bronze/markdown/1-fundamentos-y-well-architected/FND-15.md,11895,601,2026-09-11T03:21:34
FND-16,D1,1,IAM Identity Center,AWS IAM Identity Center (AWS SSO) - What is,https://docs.aws.amazon.com/singlesignon/latest/userguide/what-is.html,iam.html,2,ok,What is IAM Identity Center?,1,,/home/z/my-project/download/saa-study-pack/bronze/raw/1-fundamentos-y-well-architected/FND-16.html,/home/z/my-project/download/saa-study-pack/bronze/markdown/1-fundamentos-y-well-architected/FND-16.md,27066,7382,2026-09-11T03:21:46
FND-17,"D1,D4",1,AWS Organizations,AWS Organizations - Introduction (multi-account),https://docs.aws.amazon.com/organizations/latest/userguide/orgs_introduction.html,organizaciones.html,1,ok,,0,descargado en ejecución anterior,/home/z/my-project/download/saa-study-pack/bronze/raw/1-fundamentos-y-well-architected/FND-17.html,/home/z/my-project/download/saa-study-pack/bronze/markdown/1-fundamentos-y-well-architected/FND-17.md,28601,1258,previo
FND-18,D1,1,AWS Organizations,AWS Organizations - Service control policies (SCPs),https://docs.aws.amazon.com/organizations/latest/userguide/orgs_manage_policies_scps.html,organizaciones.html,1,ok,,0,descargado en ejecución anterior,/home/z/my-project/download/saa-study-pack/bronze/raw/1-fundamentos-y-well-architected/FND-18.html,/home/z/my-project/download/saa-study-pack/bronze/markdown/1-fundamentos-y-well-architected/FND-18.md,38837,2349,previo
FND-19,D1,1,AWS Control Tower,AWS Control Tower - What is (multi-account governance),https://docs.aws.amazon.com/controltower/latest/userguide/what-is-control-tower.html,organizaciones.html,2,ok,,0,descargado en ejecución anterior,/home/z/my-project/download/saa-study-pack/bronze/raw/1-fundamentos-y-well-architected/FND-19.html,/home/z/my-project/download/saa-study-pack/bronze/markdown/1-fundamentos-y-well-architected/FND-19.md,24481,7866,previo
NET-01,"D1,D2,D3",2,Amazon VPC,Amazon VPC - What is Amazon VPC,https://docs.aws.amazon.com/vpc/latest/userguide/what-is-amazon-vpc.html,vpc.html,1,ok,,0,descargado en ejecución anterior,/home/z/my-project/download/saa-study-pack/bronze/raw/2-redes-y-conectividad/NET-01.html,/home/z/my-project/download/saa-study-pack/bronze/markdown/2-redes-y-conectividad/NET-01.md,36470,1283,previo
NET-02,"D1,D3",2,Amazon VPC,"VPC - Subnets (public vs private, CIDR)",https://docs.aws.amazon.com/vpc/latest/userguide/configure-subnets.html,vpc.html,1,ok,,0,descargado en ejecución anterior,/home/z/my-project/download/saa-study-pack/bronze/raw/2-redes-y-conectividad/NET-02.html,/home/z/my-project/download/saa-study-pack/bronze/markdown/2-redes-y-conectividad/NET-02.md,28591,4187,previo
NET-03,"D2,D3,D4",2,Amazon VPC,VPC - Route tables,https://docs.aws.amazon.com/vpc/latest/userguide/VPC_Route_Tables.html,vpc.html,1,ok,,0,descargado en ejecución anterior,/home/z/my-project/download/saa-study-pack/bronze/raw/2-redes-y-conectividad/NET-03.html,/home/z/my-project/download/saa-study-pack/bronze/markdown/2-redes-y-conectividad/NET-03.md,13330,2643,previo
NET-04,D1,2,Amazon VPC,"VPC - Security groups (stateful, instance level)",https://docs.aws.amazon.com/vpc/latest/userguide/VPC_SecurityGroups.html,seguridad-red.html,1,ok,,0,descargado en ejecución anterior,/home/z/my-project/download/saa-study-pack/bronze/raw/2-redes-y-conectividad/NET-04.html,/home/z/my-project/download/saa-study-pack/bronze/markdown/2-redes-y-conectividad/NET-04.md,28068,1906,previo
NET-05,D1,2,Amazon VPC,"VPC - Network ACLs (stateless, subnet level)",https://docs.aws.amazon.com/vpc/latest/userguide/vpc-network-acls.html,seguridad-red.html,1,ok,,0,descargado en ejecución anterior,/home/z/my-project/download/saa-study-pack/bronze/raw/2-redes-y-conectividad/NET-05.html,/home/z/my-project/download/saa-study-pack/bronze/markdown/2-redes-y-conectividad/NET-05.md,22510,1548,previo
NET-06,"D1,D4",2,Amazon VPC,VPC - NAT gateways vs NAT instances,https://docs.aws.amazon.com/vpc/latest/userguide/vpc-nat-gateway.html,seguridad-red.html,1,ok,,0,descargado en ejecución anterior,/home/z/my-project/download/saa-study-pack/bronze/raw/2-redes-y-conectividad/NET-06.html,/home/z/my-project/download/saa-study-pack/bronze/markdown/2-redes-y-conectividad/NET-06.md,15661,4486,previo
NET-07,"D3,D4",2,Amazon VPC,VPC - VPC peering,https://docs.aws.amazon.com/vpc/latest/peering/what-is-vpc-peering.html,conectividad.html,2,ok,,0,descargado en ejecución anterior,/home/z/my-project/download/saa-study-pack/bronze/raw/2-redes-y-conectividad/NET-07.html,/home/z/my-project/download/saa-study-pack/bronze/markdown/2-redes-y-conectividad/NET-07.md,16328,1073,previo
NET-08,"D3,D4",2,AWS Transit Gateway,AWS Transit Gateway - What is (hub-and-spoke),https://docs.aws.amazon.com/vpc/latest/tgw/what-is-transit-gateway.html,conectividad.html,1,ok,,0,descargado en ejecución anterior,/home/z/my-project/download/saa-study-pack/bronze/raw/2-redes-y-conectividad/NET-08.html,/home/z/my-project/download/saa-study-pack/bronze/markdown/2-redes-y-conectividad/NET-08.md,27670,6116,previo
NET-09,"D3,D4",2,AWS PrivateLink,"AWS PrivateLink - Concepts (VPC endpoints, interface/gateway)",https://docs.aws.amazon.com/vpc/latest/privatelink/concepts.html,conectividad.html,1,ok,,0,descargado en ejecución anterior,/home/z/my-project/download/saa-study-pack/bronze/raw/2-redes-y-conectividad/NET-09.html,/home/z/my-project/download/saa-study-pack/bronze/markdown/2-redes-y-conectividad/NET-09.md,36941,1775,previo
NET-10,"D1,D3,D4",2,AWS Direct Connect,AWS Direct Connect - Welcome (dedicated connections),https://docs.aws.amazon.com/directconnect/latest/UserGuide/Welcome.html,conectividad.html,1,ok,,0,descargado en ejecución anterior,/home/z/my-project/download/saa-study-pack/bronze/raw/2-redes-y-conectividad/NET-10.html,/home/z/my-project/download/saa-study-pack/bronze/markdown/2-redes-y-conectividad/NET-10.md,32825,1559,previo
NET-11,"D1,D2,D4",2,AWS VPN,AWS Site-to-Site VPN - What is,https://docs.aws.amazon.com/vpn/latest/s2svpn/VPC_VPN.html,conectividad.html,1,ok,What is AWS Site-to-Site VPN?,1,,/home/z/my-project/download/saa-study-pack/bronze/raw/2-redes-y-conectividad/NET-11.html,/home/z/my-project/download/saa-study-pack/bronze/markdown/2-redes-y-conectividad/NET-11.md,34856,7695,2026-09-11T03:22:10
NET-12,"D2,D3",2,Amazon Route 53,Amazon Route 53 - Developer Guide (Welcome),https://docs.aws.amazon.com/Route53/latest/DeveloperGuide/Welcome.html,route53.html,1,ok,What is Amazon Route 53?,1,,/home/z/my-project/download/saa-study-pack/bronze/raw/2-redes-y-conectividad/NET-12.html,/home/z/my-project/download/saa-study-pack/bronze/markdown/2-redes-y-conectividad/NET-12.md,14653,4900,2026-09-11T03:22:17
NET-13,D2,2,Amazon Route 53,"Route 53 - Routing policies (failover, latency, geolocation, weighted)",https://docs.aws.amazon.com/Route53/latest/DeveloperGuide/routing-policy.html,route53.html,1,ok,Choosing a routing policy - Amazon Route 53,1,,/home/z/my-project/download/saa-study-pack/bronze/raw/2-redes-y-conectividad/NET-13.html,/home/z/my-project/download/saa-study-pack/bronze/markdown/2-redes-y-conectividad/NET-13.md,12419,3055,2026-09-11T03:22:24
NET-14,"D2,D3,D4",2,Amazon CloudFront,"Amazon CloudFront - Introduction (CDN, edge locations)",https://docs.aws.amazon.com/AmazonCloudFront/latest/DeveloperGuide/Introduction.html,cloudfront.html,1,ok,What is Amazon CloudFront? - Amazon CloudFront,1,,/home/z/my-project/download/saa-study-pack/bronze/raw/2-redes-y-conectividad/NET-14.html,/home/z/my-project/download/saa-study-pack/bronze/markdown/2-redes-y-conectividad/NET-14.md,32783,3580,2026-09-11T03:22:30
NET-15,"D3,D4",2,AWS Global Accelerator,AWS Global Accelerator - What is (static anycast IPs),https://docs.aws.amazon.com/global-accelerator/latest/dg/what-is-global-accelerator.html,cloudfront.html,1,ok,What is AWS Global Accelerator?,1,,/home/z/my-project/download/saa-study-pack/bronze/raw/2-redes-y-conectividad/NET-15.html,/home/z/my-project/download/saa-study-pack/bronze/markdown/2-redes-y-conectividad/NET-15.md,15053,1807,2026-09-11T03:22:39
NET-16,"D2,D3,D4",2,Elastic Load Balancing,Elastic Load Balancing - What is load balancing (types overview),https://docs.aws.amazon.com/elasticloadbalancing/latest/userguide/what-is-load-balancing.html,elb.html,1,ok,What is Elastic Load Balancing?,1,,/home/z/my-project/download/saa-study-pack/bronze/raw/2-redes-y-conectividad/NET-16.html,/home/z/my-project/download/saa-study-pack/bronze/markdown/2-redes-y-conectividad/NET-16.md,32081,7689,2026-09-11T03:22:44
NET-17,"D2,D3",2,Elastic Load Balancing,Application Load Balancer - Introduction (Layer 7),https://docs.aws.amazon.com/elasticloadbalancing/latest/application/introduction.html,elb.html,1,ok,What is an Application Load Balancer?,1,,/home/z/my-project/download/saa-study-pack/bronze/raw/2-redes-y-conectividad/NET-17.html,/home/z/my-project/download/saa-study-pack/bronze/markdown/2-redes-y-conectividad/NET-17.md,36962,3281,2026-09-11T03:22:48
NET-18,"D3,D4",2,Elastic Load Balancing,Network Load Balancer - Introduction (Layer 4),https://docs.aws.amazon.com/elasticloadbalancing/latest/network/introduction.html,elb.html,1,ok,What is a Network Load Balancer?,1,,/home/z/my-project/download/saa-study-pack/bronze/raw/2-redes-y-conectividad/NET-18.html,/home/z/my-project/download/saa-study-pack/bronze/markdown/2-redes-y-conectividad/NET-18.md,32621,9518,2026-09-11T03:22:53
NET-19,"D3,D4",2,Elastic Load Balancing,"Gateway Load Balancer - Introduction (Layer 3, appliances)",https://docs.aws.amazon.com/elasticloadbalancing/latest/gateway/introduction.html,elb.html,2,ok,What is a Gateway Load Balancer?,1,,/home/z/my-project/download/saa-study-pack/bronze/raw/2-redes-y-conectividad/NET-19.html,/home/z/my-project/download/saa-study-pack/bronze/markdown/2-redes-y-conectividad/NET-19.md,23959,5059,2026-09-11T03:22:58
NET-20,"D2,D3",2,Amazon API Gateway,Amazon API Gateway - Developer Guide (Welcome),https://docs.aws.amazon.com/apigateway/latest/developerguide/welcome.html,apigateway.html,1,ok,,0,descargado en ejecución anterior,/home/z/my-project/download/saa-study-pack/bronze/raw/2-redes-y-conectividad/NET-20.html,/home/z/my-project/download/saa-study-pack/bronze/markdown/2-redes-y-conectividad/NET-20.md,39233,3328,previo
CMP-01,"D3,D4",3,Amazon EC2,"Amazon EC2 - Concepts (instances, AMIs)",https://docs.aws.amazon.com/AWSEC2/latest/UserGuide/concepts.html,ec2.html,1,ok,,0,descargado en ejecución anterior,/home/z/my-project/download/saa-study-pack/bronze/raw/3-computo/CMP-01.html,/home/z/my-project/download/saa-study-pack/bronze/markdown/3-computo/CMP-01.md,49499,1685,previo
CMP-02,"D3,D4",3,Amazon EC2,"EC2 - Instance types (families: general, compute, memory, storage, accelerated)",https://docs.aws.amazon.com/AWSEC2/latest/UserGuide/instance-types.html,ec2.html,1,ok,,0,descargado en ejecución anterior,/home/z/my-project/download/saa-study-pack/bronze/raw/3-computo/CMP-02.html,/home/z/my-project/download/saa-study-pack/bronze/markdown/3-computo/CMP-02.md,46465,14770,previo
CMP-03,D4,3,Amazon EC2,"EC2 - Purchase options overview (On-Demand, RI, Spot, Savings)",https://docs.aws.amazon.com/AWSEC2/latest/UserGuide/ec2-purchase-options.html,ec2.html,1,ok,,0,descargado en ejecución anterior,/home/z/my-project/download/saa-study-pack/bronze/raw/3-computo/CMP-03.html,/home/z/my-project/download/saa-study-pack/bronze/markdown/3-computo/CMP-03.md,49507,1693,previo
CMP-04,D4,3,Amazon EC2,"EC2 - Spot Instances (interruptions, Spot Fleets)",https://docs.aws.amazon.com/AWSEC2/latest/UserGuide/using-spot-instances.html,ec2.html,1,ok,,0,descargado en ejecución anterior,/home/z/my-project/download/saa-study-pack/bronze/raw/3-computo/CMP-04.html,/home/z/my-project/download/saa-study-pack/bronze/markdown/3-computo/CMP-04.md,27950,7459,previo
CMP-05,D4,3,Amazon EC2,EC2 - Reserved Instances (Standard vs Convertible),https://docs.aws.amazon.com/AWSEC2/latest/UserGuide/reserved-instances.html,ec2.html,1,ok,,0,descargado en ejecución anterior,/home/z/my-project/download/saa-study-pack/bronze/raw/3-computo/CMP-05.html,/home/z/my-project/download/saa-study-pack/bronze/markdown/3-computo/CMP-05.md,47544,1428,previo
CMP-06,D4,3,Savings Plans,AWS Savings Plans - What is (Compute vs EC2 Instance SP),https://docs.aws.amazon.com/savingsplans/latest/userguide/what-is-savings-plans.html,ec2.html,1,ok,,0,descargado en ejecución anterior,/home/z/my-project/download/saa-study-pack/bronze/raw/3-computo/CMP-06.html,/home/z/my-project/download/saa-study-pack/bronze/markdown/3-computo/CMP-06.md,10774,2491,previo
CMP-07,D3,3,Amazon EC2,"EC2 - Placement groups (cluster, spread, partition)",https://docs.aws.amazon.com/AWSEC2/latest/UserGuide/placement-groups.html,ec2.html,1,ok,Placement groups for your Amazon EC2 instances,1,,/home/z/my-project/download/saa-study-pack/bronze/raw/3-computo/CMP-07.html,/home/z/my-project/download/saa-study-pack/bronze/markdown/3-computo/CMP-07.md,15305,3698,2026-09-11T03:23:16
CMP-08,D4,3,Amazon EC2,"EC2 - Hibernation (RAM persistence, cost saving)",https://docs.aws.amazon.com/AWSEC2/latest/UserGuide/Hibernate.html,ec2.html,2,ok,Hibernate your Amazon EC2 instance,1,,/home/z/my-project/download/saa-study-pack/bronze/raw/3-computo/CMP-08.html,/home/z/my-project/download/saa-study-pack/bronze/markdown/3-computo/CMP-08.md,14080,3078,2026-09-11T03:23:21
CMP-09,D2,3,Amazon EC2,"EC2 - AMIs (golden images, regions sharing)",https://docs.aws.amazon.com/AWSEC2/latest/UserGuide/AMIs.html,ec2.html,2,ok,Amazon Machine Images in Amazon EC2,1,,/home/z/my-project/download/saa-study-pack/bronze/raw/3-computo/CMP-09.html,/home/z/my-project/download/saa-study-pack/bronze/markdown/3-computo/CMP-09.md,15102,1497,2026-09-11T03:23:28
CMP-10,"D3,D4",3,Amazon EBS,Amazon EBS - What is (block storage for EC2),https://docs.aws.amazon.com/ebs/latest/userguide/what-is-ebs.html,ebs.html,1,ok,,0,descargado en ejecución anterior,/home/z/my-project/download/saa-study-pack/bronze/raw/3-computo/CMP-10.html,/home/z/my-project/download/saa-study-pack/bronze/markdown/3-computo/CMP-10.md,28334,7607,previo
CMP-11,"D3,D4",3,Amazon EBS,"EBS - Volume types (gp3, gp2, io1/io2, st1, sc1)",https://docs.aws.amazon.com/ebs/latest/userguide/ebs-volume-types.html,ebs.html,1,ok,,0,descargado en ejecución anterior,/home/z/my-project/download/saa-study-pack/bronze/raw/3-computo/CMP-11.html,/home/z/my-project/download/saa-study-pack/bronze/markdown/3-computo/CMP-11.md,32546,694,previo
CMP-12,"D2,D4",3,Amazon EBS,"EBS - Snapshots (incremental, cross-region, archives)",https://docs.aws.amazon.com/ebs/latest/userguide/ebs-snapshots.html,ebs.html,1,ok,Amazon EBS snapshots - Amazon EBS,1,,/home/z/my-project/download/saa-study-pack/bronze/raw/3-computo/CMP-12.html,/home/z/my-project/download/saa-study-pack/bronze/markdown/3-computo/CMP-12.md,13946,688,2026-09-11T03:23:34
CMP-13,"D2,D3",3,EC2 Auto Scaling,"EC2 Auto Scaling - Auto Scaling groups (health checks, AZs)",https://docs.aws.amazon.com/autoscaling/ec2/userguide/AutoScalingGroup.html,auto-scaling.html,1,ok,Auto Scaling groups - Amazon EC2 Auto Scaling,1,,/home/z/my-project/download/saa-study-pack/bronze/raw/3-computo/CMP-13.html,/home/z/my-project/download/saa-study-pack/bronze/markdown/3-computo/CMP-13.md,15855,384,2026-09-11T03:23:40
CMP-14,D3,3,EC2 Auto Scaling,EC2 Auto Scaling - Target tracking scaling policies,https://docs.aws.amazon.com/autoscaling/ec2/userguide/as-scaling-target-tracking.html,auto-scaling.html,1,ok,Target tracking scaling policies for Amazon EC2 Auto Scaling,1,,/home/z/my-project/download/saa-study-pack/bronze/raw/3-computo/CMP-14.html,/home/z/my-project/download/saa-study-pack/bronze/markdown/3-computo/CMP-14.md,42610,5022,2026-09-11T03:23:46
CMP-15,"D2,D3,D4",3,AWS Lambda,AWS Lambda - Developer Guide (Welcome),https://docs.aws.amazon.com/lambda/latest/dg/welcome.html,lambda.html,1,ok,What is AWS Lambda? - AWS Lambda,1,,/home/z/my-project/download/saa-study-pack/bronze/raw/3-computo/CMP-15.html,/home/z/my-project/download/saa-study-pack/bronze/markdown/3-computo/CMP-15.md,20896,4488,2026-09-11T03:23:49
CMP-16,D3,3,AWS Lambda,"Lambda - Function configuration (memory, timeouts)",https://docs.aws.amazon.com/lambda/latest/dg/configuration-memory.html,lambda.html,2,ok,Configure Lambda function memory - AWS Lambda,1,,/home/z/my-project/download/saa-study-pack/bronze/raw/3-computo/CMP-16.html,/home/z/my-project/download/saa-study-pack/bronze/markdown/3-computo/CMP-16.md,37994,5901,2026-09-11T03:23:55
CMP-17,"D2,D3",3,Amazon ECS,Amazon ECS - Developer Guide (Welcome),https://docs.aws.amazon.com/AmazonECS/latest/developerguide/Welcome.html,contenedores.html,1,ok,What is Amazon Elastic Container Service?,1,,/home/z/my-project/download/saa-study-pack/bronze/raw/3-computo/CMP-17.html,/home/z/my-project/download/saa-study-pack/bronze/markdown/3-computo/CMP-17.md,37077,741,2026-09-11T03:24:01
CMP-18,"D2,D3",3,Amazon EKS,Amazon EKS - What is (managed Kubernetes),https://docs.aws.amazon.com/eks/latest/userguide/what-is-eks.html,contenedores.html,1,ok,What is Amazon EKS? - Amazon EKS,2,,/home/z/my-project/download/saa-study-pack/bronze/raw/3-computo/CMP-18.html,/home/z/my-project/download/saa-study-pack/bronze/markdown/3-computo/CMP-18.md,47686,789,2026-09-11T03:30:26
CMP-19,"D2,D3,D4",3,AWS Fargate,AWS Fargate - Serverless compute for containers,https://docs.aws.amazon.com/AmazonECS/latest/developerguide/AWS_Fargate.html,contenedores.html,1,ok,Architect for AWS Fargate for Amazon ECS,1,,/home/z/my-project/download/saa-study-pack/bronze/raw/3-computo/CMP-19.html,/home/z/my-project/download/saa-study-pack/bronze/markdown/3-computo/CMP-19.md,33732,7474,2026-09-11T03:30:32
CMP-20,"D2,D3",3,Amazon ECR,Amazon ECR - What is (container registry),https://docs.aws.amazon.com/AmazonECR/latest/userguide/what-is-ecr.html,contenedores.html,2,ok,What is Amazon Elastic Container Registry?,1,,/home/z/my-project/download/saa-study-pack/bronze/raw/3-computo/CMP-20.html,/home/z/my-project/download/saa-study-pack/bronze/markdown/3-computo/CMP-20.md,25450,972,2026-09-11T03:30:38
CMP-21,"D3,D4",3,AWS Batch,"AWS Batch - What is (batch jobs, queues)",https://docs.aws.amazon.com/batch/latest/userguide/what-is-batch.html,otros-compute.html,2,ok,What is AWS Batch? - AWS Batch,1,,/home/z/my-project/download/saa-study-pack/bronze/raw/3-computo/CMP-21.html,/home/z/my-project/download/saa-study-pack/bronze/markdown/3-computo/CMP-21.md,25497,1352,2026-09-11T03:30:45
CMP-22,D2,3,AWS Elastic Beanstalk,AWS Elastic Beanstalk - Welcome (PaaS deployment),https://docs.aws.amazon.com/elasticbeanstalk/latest/dg/Welcome.html,otros-compute.html,2,ok,What is AWS Elastic Beanstalk?,1,,/home/z/my-project/download/saa-study-pack/bronze/raw/3-computo/CMP-22.html,/home/z/my-project/download/saa-study-pack/bronze/markdown/3-computo/CMP-22.md,24348,1080,2026-09-11T03:11:21
CMP-23,D3,3,Amazon EMR,Amazon EMR - What is (big data clusters),https://docs.aws.amazon.com/emr/latest/ManagementGuide/emr-what-is-emr.html,otros-compute.html,2,ok,What is Amazon EMR? - Amazon EMR,1,,/home/z/my-project/download/saa-study-pack/bronze/raw/3-computo/CMP-23.html,/home/z/my-project/download/saa-study-pack/bronze/markdown/3-computo/CMP-23.md,12145,2025,2026-09-11T03:11:26
CMP-24,D4,3,AWS Outposts,AWS Outposts - What is (hybrid compute),https://docs.aws.amazon.com/outposts/latest/userguide/what-is-outposts.html,otros-compute.html,3,ok,What is AWS Outposts? - AWS Outposts,1,,/home/z/my-project/download/saa-study-pack/bronze/raw/3-computo/CMP-24.html,/home/z/my-project/download/saa-study-pack/bronze/markdown/3-computo/CMP-24.md,65242,1487,2026-09-11T03:11:30
CMP-25,D4,3,AWS Snow Family,AWS Snow Family - What is (edge data migration),https://docs.aws.amazon.com/snowball/latest/developer-guide/whatis-snowball.html,migracion.html,2,ok,What is Snowball Edge? - AWS Snowball Edge Developer Guide,1,,/home/z/my-project/download/saa-study-pack/bronze/raw/3-computo/CMP-25.html,/home/z/my-project/download/saa-study-pack/bronze/markdown/3-computo/CMP-25.md,40341,1031,2026-09-11T03:11:39
STG-01,"D2,D3,D4",4,Amazon S3,Amazon S3 - User Guide (Welcome),https://docs.aws.amazon.com/AmazonS3/latest/userguide/Welcome.html,s3.html,1,ok,What is Amazon S3? - Amazon Simple Storage Service,1,,/home/z/my-project/download/saa-study-pack/bronze/raw/4-almacenamiento/STG-01.html,/home/z/my-project/download/saa-study-pack/bronze/markdown/4-almacenamiento/STG-01.md,89948,1483,2026-09-11T03:11:50
STG-02,D4,4,Amazon S3,"S3 - Storage classes (Standard, IA, One Zone IA, Glacier tiers)",https://docs.aws.amazon.com/AmazonS3/latest/userguide/storage-class-intro.html,s3.html,1,ok,Understanding and managing Amazon S3 storage classes,1,,/home/z/my-project/download/saa-study-pack/bronze/raw/4-almacenamiento/STG-02.html,/home/z/my-project/download/saa-study-pack/bronze/markdown/4-almacenamiento/STG-02.md,61898,6761,2026-09-11T03:11:54
STG-03,D4,4,Amazon S3,"S3 - Managing lifecycle (transitions, expiration)",https://docs.aws.amazon.com/AmazonS3/latest/userguide/object-lifecycle-mgmt.html,s3.html,1,ok,Managing the lifecycle of objects,1,,/home/z/my-project/download/saa-study-pack/bronze/raw/4-almacenamiento/STG-03.html,/home/z/my-project/download/saa-study-pack/bronze/markdown/4-almacenamiento/STG-03.md,26943,2290,2026-09-11T03:11:55
STG-04,D1,4,Amazon S3,"S3 - Protecting data with server-side encryption (SSE-S3, SSE-KMS, SSE-C, DSSE)",https://docs.aws.amazon.com/AmazonS3/latest/userguide/protecting-data-encryption.html,s3.html,1,ok,What is Amazon S3? - Amazon Simple Storage Service,2,,/home/z/my-project/download/saa-study-pack/bronze/raw/4-almacenamiento/STG-04.html,/home/z/my-project/download/saa-study-pack/bronze/markdown/4-almacenamiento/STG-04.md,89960,1494,2026-09-11T03:12:06
STG-05,D2,4,Amazon S3,"S3 - Replication (CRR, SRR)",https://docs.aws.amazon.com/AmazonS3/latest/userguide/replication.html,s3.html,1,ok,Replicating objects within and across Regions,1,,/home/z/my-project/download/saa-study-pack/bronze/raw/4-almacenamiento/STG-05.html,/home/z/my-project/download/saa-study-pack/bronze/markdown/4-almacenamiento/STG-05.md,40896,12369,2026-09-11T03:12:08
STG-06,"D1,D2",4,Amazon S3,"S3 - Versioning (MFA delete, protection)",https://docs.aws.amazon.com/AmazonS3/latest/userguide/Versioning.html,s3.html,1,ok,Retaining multiple versions of objects with S3 Versioning,1,,/home/z/my-project/download/saa-study-pack/bronze/raw/4-almacenamiento/STG-06.html,/home/z/my-project/download/saa-study-pack/bronze/markdown/4-almacenamiento/STG-06.md,24074,1926,2026-09-11T03:12:14
STG-07,D2,4,Amazon S3,"S3 - Event notifications (SQS, SNS, Lambda triggers)",https://docs.aws.amazon.com/AmazonS3/latest/userguide/EventNotifications.html,s3.html,2,ok,Amazon S3 Event Notifications - Amazon Simple Storage Service,1,,/home/z/my-project/download/saa-study-pack/bronze/raw/4-almacenamiento/STG-07.html,/home/z/my-project/download/saa-study-pack/bronze/markdown/4-almacenamiento/STG-07.md,20277,1065,2026-09-11T03:30:47
STG-08,D3,4,Amazon S3,"S3 - Performance guidelines (prefixes, multipart, byte-range)",https://docs.aws.amazon.com/AmazonS3/latest/userguide/optimizing-performance.html,s3.html,1,ok,Best practices design patterns: optimizing Amazon S3 performance,1,,/home/z/my-project/download/saa-study-pack/bronze/raw/4-almacenamiento/STG-08.html,/home/z/my-project/download/saa-study-pack/bronze/markdown/4-almacenamiento/STG-08.md,16928,3995,2026-09-11T03:20:25
STG-09,"D2,D4",4,Amazon S3,S3 - Website hosting (static hosting),https://docs.aws.amazon.com/AmazonS3/latest/userguide/WebsiteHosting.html,s3.html,2,ok,Hosting a static website using Amazon S3,1,,/home/z/my-project/download/saa-study-pack/bronze/raw/4-almacenamiento/STG-09.html,/home/z/my-project/download/saa-study-pack/bronze/markdown/4-almacenamiento/STG-09.md,16610,755,2026-09-11T03:20:33
STG-10,D4,4,Amazon S3,S3 - Requester Pays buckets,https://docs.aws.amazon.com/AmazonS3/latest/userguide/RequesterPaysBuckets.html,s3.html,2,ok,Using Requester Pays general purpose buckets for storage transfers and usage,1,,/home/z/my-project/download/saa-study-pack/bronze/raw/4-almacenamiento/STG-10.html,/home/z/my-project/download/saa-study-pack/bronze/markdown/4-almacenamiento/STG-10.md,22890,1425,2026-09-11T03:20:40
STG-11,D4,4,S3 Glacier,"S3 Glacier - Storage classes (Instant, Flexible, Deep Archive)",https://docs.aws.amazon.com/amazonglacier/latest/dev/introducing-storage-classes.html,s3.html,1,ok,What Is Amazon Glacier? - Amazon Glacier,1,,/home/z/my-project/download/saa-study-pack/bronze/raw/4-almacenamiento/STG-11.html,/home/z/my-project/download/saa-study-pack/bronze/markdown/4-almacenamiento/STG-11.md,26090,1822,2026-09-11T03:20:48
STG-12,"D3,D4",4,Amazon EFS,"Amazon EFS - What is (NFS, Elastic, shared)",https://docs.aws.amazon.com/efs/latest/ug/whatisefs.html,efs-fsx.html,1,ok,,0,descargado en ejecución anterior,/home/z/my-project/download/saa-study-pack/bronze/raw/4-almacenamiento/STG-12.html,/home/z/my-project/download/saa-study-pack/bronze/markdown/4-almacenamiento/STG-12.md,18407,4434,previo
STG-13,"D3,D4",4,Amazon FSx,Amazon FSx for Windows File Server - What is,https://docs.aws.amazon.com/fsx/latest/WindowsGuide/what-is.html,efs-fsx.html,1,ok,,0,descargado en ejecución anterior,/home/z/my-project/download/saa-study-pack/bronze/raw/4-almacenamiento/STG-13.html,/home/z/my-project/download/saa-study-pack/bronze/markdown/4-almacenamiento/STG-13.md,45425,12872,previo
STG-14,"D3,D4",4,AWS Storage Gateway,"AWS Storage Gateway - What is (hybrid: file, volume, tape)",https://docs.aws.amazon.com/storagegateway/latest/userguide/WhatIsStorageGateway.html,storage-hibrido.html,1,ok,AWS Storage Gateway Documentation,1,,/home/z/my-project/download/saa-study-pack/bronze/raw/4-almacenamiento/STG-14.html,/home/z/my-project/download/saa-study-pack/bronze/markdown/4-almacenamiento/STG-14.md,23623,3051,2026-09-11T03:20:53
STG-15,"D3,D4",4,AWS DataSync,"AWS DataSync - What is (data transfer, migration)",https://docs.aws.amazon.com/datasync/latest/userguide/what-is-datasync.html,storage-hibrido.html,1,ok,What is AWS DataSync? - AWS DataSync,1,,/home/z/my-project/download/saa-study-pack/bronze/raw/4-almacenamiento/STG-15.html,/home/z/my-project/download/saa-study-pack/bronze/markdown/4-almacenamiento/STG-15.md,25764,5316,2026-09-11T03:21:00
STG-16,"D2,D4",4,AWS Transfer Family,AWS Transfer Family - What is (SFTP/FTPS/FTP),https://docs.aws.amazon.com/transfer/latest/userguide/what-is-aws-transfer-family.html,storage-hibrido.html,2,ok,What is AWS Transfer Family?,1,,/home/z/my-project/download/saa-study-pack/bronze/raw/4-almacenamiento/STG-16.html,/home/z/my-project/download/saa-study-pack/bronze/markdown/4-almacenamiento/STG-16.md,53035,2442,2026-09-11T03:21:09
STG-17,"D1,D2,D4",4,AWS Backup,AWS Backup - What is (centralized backups),https://docs.aws.amazon.com/aws-backup/latest/devguide/whatisawsbackup.html,backup.html,1,ok,What is AWS Backup? - AWS Backup,1,,/home/z/my-project/download/saa-study-pack/bronze/raw/4-almacenamiento/STG-17.html,/home/z/my-project/download/saa-study-pack/bronze/markdown/4-almacenamiento/STG-17.md,42448,7306,2026-09-11T03:21:20
DB-01,"D2,D3,D4",5,Amazon RDS,Amazon RDS - User Guide (Welcome),https://docs.aws.amazon.com/AmazonRDS/latest/UserGuide/Welcome.html,rds.html,1,ok,What is Amazon Relational Database Service (Amazon RDS)?,1,,/home/z/my-project/download/saa-study-pack/bronze/raw/5-bases-de-datos/DB-01.html,/home/z/my-project/download/saa-study-pack/bronze/markdown/5-bases-de-datos/DB-01.md,84356,1496,2026-09-11T03:21:32
DB-02,D2,5,Amazon RDS,"RDS - Multi-AZ deployments (HA, standby)",https://docs.aws.amazon.com/AmazonRDS/latest/UserGuide/Concepts.MultiAZ.html,rds.html,1,ok,Configuring and managing a Multi-AZ deployment for Amazon RDS,2,,/home/z/my-project/download/saa-study-pack/bronze/raw/5-bases-de-datos/DB-02.html,/home/z/my-project/download/saa-study-pack/bronze/markdown/5-bases-de-datos/DB-02.md,15153,3032,2026-09-11T03:11:28
DB-03,"D2,D3",5,Amazon RDS,"RDS - Read replicas (scaling reads, promotion)",https://docs.aws.amazon.com/AmazonRDS/latest/UserGuide/USER_ReadRepl.html,rds.html,1,ok,Working with DB instance read replicas,1,,/home/z/my-project/download/saa-study-pack/bronze/raw/5-bases-de-datos/DB-03.html,/home/z/my-project/download/saa-study-pack/bronze/markdown/5-bases-de-datos/DB-03.md,33022,2129,2026-09-11T03:11:34
DB-04,"D2,D4",5,Amazon RDS,"RDS - Backup and restore (automated, snapshots)",https://docs.aws.amazon.com/AmazonRDS/latest/UserGuide/backup-restore.html,rds.html,1,ok,What is Amazon Relational Database Service (Amazon RDS)?,1,,/home/z/my-project/download/saa-study-pack/bronze/raw/5-bases-de-datos/DB-04.html,/home/z/my-project/download/saa-study-pack/bronze/markdown/5-bases-de-datos/DB-04.md,84358,1499,2026-09-11T03:11:49
DB-05,"D2,D3,D4",5,Amazon Aurora,"Amazon Aurora - Overview (compatibility, storage model)",https://docs.aws.amazon.com/AmazonRDS/latest/AuroraUserGuide/CHAP_AuroraOverview.html,aurora.html,1,ok,What is Amazon Aurora? - Amazon Aurora,1,,/home/z/my-project/download/saa-study-pack/bronze/raw/5-bases-de-datos/DB-05.html,/home/z/my-project/download/saa-study-pack/bronze/markdown/5-bases-de-datos/DB-05.md,19922,5597,2026-09-11T03:11:57
DB-06,D4,5,Amazon Aurora,"Aurora Serverless (v1/v2, ACU, pay per use)",https://docs.aws.amazon.com/AmazonRDS/latest/AuroraUserGuide/aurora-serverless.html,aurora.html,1,ok,What is Amazon Aurora? - Amazon Aurora,1,,/home/z/my-project/download/saa-study-pack/bronze/raw/5-bases-de-datos/DB-06.html,/home/z/my-project/download/saa-study-pack/bronze/markdown/5-bases-de-datos/DB-06.md,19913,5587,2026-09-11T03:12:05
DB-07,D2,5,Amazon Aurora,Aurora Global Database (cross-region DR),https://docs.aws.amazon.com/AmazonRDS/latest/AuroraUserGuide/aurora-global-database.html,aurora.html,1,ok,Using Amazon Aurora Global Database,1,,/home/z/my-project/download/saa-study-pack/bronze/raw/5-bases-de-datos/DB-07.html,/home/z/my-project/download/saa-study-pack/bronze/markdown/5-bases-de-datos/DB-07.md,37929,3460,2026-09-11T03:12:10
DB-08,"D2,D3",5,Amazon RDS,"RDS Proxy (connection pooling, failover)",https://docs.aws.amazon.com/AmazonRDS/latest/UserGuide/rds-proxy.html,rds.html,1,ok,Amazon RDS Proxy - Amazon Relational Database Service,1,,/home/z/my-project/download/saa-study-pack/bronze/raw/5-bases-de-datos/DB-08.html,/home/z/my-project/download/saa-study-pack/bronze/markdown/5-bases-de-datos/DB-08.md,49727,1318,2026-09-11T03:21:47
DB-09,"D2,D3,D4",5,Amazon DynamoDB,Amazon DynamoDB - Developer Guide (Introduction),https://docs.aws.amazon.com/amazondynamodb/latest/developerguide/Introduction.html,dynamodb.html,1,ok,What is Amazon DynamoDB? - Amazon DynamoDB,1,,/home/z/my-project/download/saa-study-pack/bronze/raw/5-bases-de-datos/DB-09.html,/home/z/my-project/download/saa-study-pack/bronze/markdown/5-bases-de-datos/DB-09.md,69700,22344,2026-09-11T03:21:54
DB-10,"D3,D4",5,Amazon DynamoDB,DynamoDB - Read/write capacity modes (provisioned vs on-demand),https://docs.aws.amazon.com/amazondynamodb/latest/developerguide/HowItWorks.ReadWriteCapacityMode.html,dynamodb.html,1,ok,DynamoDB throughput capacity - Amazon DynamoDB,1,,/home/z/my-project/download/saa-study-pack/bronze/raw/5-bases-de-datos/DB-10.html,/home/z/my-project/download/saa-study-pack/bronze/markdown/5-bases-de-datos/DB-10.md,19783,3958,2026-09-11T03:22:06
DB-11,D2,5,Amazon DynamoDB,DynamoDB - Global tables (multi-region replication),https://docs.aws.amazon.com/amazondynamodb/latest/developerguide/GlobalTables.html,dynamodb.html,1,ok,"Global tables - multi-active, multi-Region replication",1,,/home/z/my-project/download/saa-study-pack/bronze/raw/5-bases-de-datos/DB-11.html,/home/z/my-project/download/saa-study-pack/bronze/markdown/5-bases-de-datos/DB-11.md,23034,5455,2026-09-11T03:22:12
DB-12,D3,5,Amazon DynamoDB,DynamoDB - Partitions and data distribution,https://docs.aws.amazon.com/amazondynamodb/latest/developerguide/HowItWorks.Partitions.html,dynamodb.html,1,ok,Partitions and data distribution in DynamoDB,1,,/home/z/my-project/download/saa-study-pack/bronze/raw/5-bases-de-datos/DB-12.html,/home/z/my-project/download/saa-study-pack/bronze/markdown/5-bases-de-datos/DB-12.md,28541,3324,2026-09-11T03:22:20
DB-13,D3,5,DynamoDB DAX,DynamoDB DAX - In-memory acceleration,https://docs.aws.amazon.com/amazondynamodb/latest/developerguide/DAX.html,dynamodb.html,2,ok,In-memory acceleration with DynamoDB Accelerator (DAX),1,,/home/z/my-project/download/saa-study-pack/bronze/raw/5-bases-de-datos/DB-13.html,/home/z/my-project/download/saa-study-pack/bronze/markdown/5-bases-de-datos/DB-13.md,29771,7805,2026-09-11T03:22:25
DB-14,"D3,D4",5,Amazon ElastiCache,"ElastiCache for Redis - What is (caching, session store)",https://docs.aws.amazon.com/AmazonElastiCache/latest/red-ug/WhatIs.html,elasticache.html,1,ok,What is Amazon ElastiCache? - Amazon ElastiCache,1,,/home/z/my-project/download/saa-study-pack/bronze/raw/5-bases-de-datos/DB-14.html,/home/z/my-project/download/saa-study-pack/bronze/markdown/5-bases-de-datos/DB-14.md,18317,937,2026-09-11T03:22:32
DB-15,D3,5,Amazon ElastiCache,ElastiCache for Memcached - What is,https://docs.aws.amazon.com/AmazonElastiCache/latest/mem-ug/WhatIs.html,elasticache.html,2,ok,What is Amazon ElastiCache? - Amazon ElastiCache,1,,/home/z/my-project/download/saa-study-pack/bronze/raw/5-bases-de-datos/DB-15.html,/home/z/my-project/download/saa-study-pack/bronze/markdown/5-bases-de-datos/DB-15.md,18314,933,2026-09-11T03:22:38
DB-16,"D3,D4",5,Amazon Redshift,"Amazon Redshift - What is (data warehouse, columnar)",https://docs.aws.amazon.com/redshift/latest/mgmt/overview.html,analytics.html,1,ok,Amazon Redshift provisioned clusters overview,1,,/home/z/my-project/download/saa-study-pack/bronze/raw/5-bases-de-datos/DB-16.html,/home/z/my-project/download/saa-study-pack/bronze/markdown/5-bases-de-datos/DB-16.md,34932,1045,2026-09-11T03:22:43
DB-17,D3,5,Amazon DocumentDB,Amazon DocumentDB - What is (MongoDB compatible),https://docs.aws.amazon.com/documentdb/latest/developerguide/what-is.html,analytics.html,3,ok,What is Amazon DocumentDB (with MongoDB compatibility),1,,/home/z/my-project/download/saa-study-pack/bronze/raw/5-bases-de-datos/DB-17.html,/home/z/my-project/download/saa-study-pack/bronze/markdown/5-bases-de-datos/DB-17.md,91242,6174,2026-09-11T03:22:49
DB-18,D3,5,Amazon Neptune,Amazon Neptune - What is (graph database),https://docs.aws.amazon.com/neptune/latest/userguide/intro.html,analytics.html,3,ok,What Is Amazon Neptune? - Amazon Neptune,1,,/home/z/my-project/download/saa-study-pack/bronze/raw/5-bases-de-datos/DB-18.html,/home/z/my-project/download/saa-study-pack/bronze/markdown/5-bases-de-datos/DB-18.md,17129,6528,2026-09-11T03:22:56
INT-01,D2,6,Amazon SQS,"Amazon SQS - Developer Guide (Welcome, queues, visibility timeout)",https://docs.aws.amazon.com/AWSSimpleQueueService/latest/SQSDeveloperGuide/welcome.html,sqs-sns.html,1,ok,What is Amazon Simple Queue Service?,1,,/home/z/my-project/download/saa-study-pack/bronze/raw/6-integracion-y-analytics/INT-01.html,/home/z/my-project/download/saa-study-pack/bronze/markdown/6-integracion-y-analytics/INT-01.md,33001,3388,2026-09-11T03:23:03
INT-02,D2,6,Amazon SQS,"SQS - FIFO queues (ordering, exactly-once, high throughput)",https://docs.aws.amazon.com/AWSSimpleQueueService/latest/SQSDeveloperGuide/FIFO-queues.html,sqs-sns.html,1,ok,What is Amazon Simple Queue Service?,1,,/home/z/my-project/download/saa-study-pack/bronze/raw/6-integracion-y-analytics/INT-02.html,/home/z/my-project/download/saa-study-pack/bronze/markdown/6-integracion-y-analytics/INT-02.md,33003,3392,2026-09-11T03:23:12
INT-03,D2,6,Amazon SNS,"Amazon SNS - Developer Guide (Welcome, pub/sub, topics)",https://docs.aws.amazon.com/sns/latest/dg/welcome.html,sqs-sns.html,1,ok,What is Amazon SNS? - Amazon Simple Notification Service,1,,/home/z/my-project/download/saa-study-pack/bronze/raw/6-integracion-y-analytics/INT-03.html,/home/z/my-project/download/saa-study-pack/bronze/markdown/6-integracion-y-analytics/INT-03.md,33696,1556,2026-09-11T03:23:18
INT-04,D2,6,Amazon EventBridge,"Amazon EventBridge - What is (event bus, rules, SaaS events)",https://docs.aws.amazon.com/eventbridge/latest/userguide/eb-what-is.html,eventbridge.html,1,ok,What Is Amazon EventBridge? - Amazon EventBridge,1,,/home/z/my-project/download/saa-study-pack/bronze/raw/6-integracion-y-analytics/INT-04.html,/home/z/my-project/download/saa-study-pack/bronze/markdown/6-integracion-y-analytics/INT-04.md,16096,2725,2026-09-11T03:23:20
INT-05,D2,6,AWS Step Functions,"AWS Step Functions - Welcome (workflows, states)",https://docs.aws.amazon.com/step-functions/latest/dg/welcome.html,step-functions.html,1,ok,What is Step Functions? - AWS Step Functions,1,,/home/z/my-project/download/saa-study-pack/bronze/raw/6-integracion-y-analytics/INT-05.html,/home/z/my-project/download/saa-study-pack/bronze/markdown/6-integracion-y-analytics/INT-05.md,47799,778,2026-09-11T03:23:25
INT-06,D2,6,AWS AppSync,AWS AppSync - What is (managed GraphQL),https://docs.aws.amazon.com/appsync/latest/devguide/what-is-appsync.html,apigateway.html,2,ok,What is AWS AppSync? - AWS AppSync GraphQL,2,,/home/z/my-project/download/saa-study-pack/bronze/raw/6-integracion-y-analytics/INT-06.html,/home/z/my-project/download/saa-study-pack/bronze/markdown/6-integracion-y-analytics/INT-06.md,26842,1116,2026-09-11T03:11:23
INT-07,D2,6,Amazon MQ,Amazon MQ - Welcome (managed ActiveMQ/RabbitMQ),https://docs.aws.amazon.com/amazon-mq/latest/developer-guide/welcome.html,sqs-sns.html,3,ok,What is Amazon MQ? - Amazon MQ,1,,/home/z/my-project/download/saa-study-pack/bronze/raw/6-integracion-y-analytics/INT-07.html,/home/z/my-project/download/saa-study-pack/bronze/markdown/6-integracion-y-analytics/INT-07.md,23803,5246,2026-09-11T03:11:27
INT-08,D2,6,AWS Amplify,"AWS Amplify - Welcome (web/mobile hosting, CI/CD)",https://docs.aws.amazon.com/amplify/latest/userguide/welcome.html,apigateway.html,3,ok,Welcome to AWS Amplify Hosting,1,,/home/z/my-project/download/saa-study-pack/bronze/raw/6-integracion-y-analytics/INT-08.html,/home/z/my-project/download/saa-study-pack/bronze/markdown/6-integracion-y-analytics/INT-08.md,28055,3958,2026-09-11T03:11:35
INT-09,D3,6,Amazon Kinesis,"Kinesis Data Streams - Introduction (shards, consumers)",https://docs.aws.amazon.com/streams/latest/dev/introduction.html,kinesis.html,1,ok,What is Amazon Kinesis Data Streams?,1,,/home/z/my-project/download/saa-study-pack/bronze/raw/6-integracion-y-analytics/INT-09.html,/home/z/my-project/download/saa-study-pack/bronze/markdown/6-integracion-y-analytics/INT-09.md,24085,6014,2026-09-11T03:11:39
INT-10,D3,6,Kinesis Firehose,Kinesis Data Firehose - What is (delivery streams),https://docs.aws.amazon.com/firehose/latest/dev/what-is-this-service.html,kinesis.html,1,ok,What is Amazon Data Firehose?,1,,/home/z/my-project/download/saa-study-pack/bronze/raw/6-integracion-y-analytics/INT-10.html,/home/z/my-project/download/saa-study-pack/bronze/markdown/6-integracion-y-analytics/INT-10.md,26325,2837,2026-09-11T03:11:49
INT-11,D3,6,Amazon MSK,Amazon MSK - What is (managed Kafka),https://docs.aws.amazon.com/msk/latest/developerguide/what-is-msk.html,kinesis.html,3,ok,Welcome to the Amazon MSK Developer Guide,2,,/home/z/my-project/download/saa-study-pack/bronze/raw/6-integracion-y-analytics/INT-11.html,/home/z/my-project/download/saa-study-pack/bronze/markdown/6-integracion-y-analytics/INT-11.md,17352,4937,2026-09-11T03:11:56
INT-12,D3,6,AWS Glue,"AWS Glue - What is (serverless ETL, catalog)",https://docs.aws.amazon.com/glue/latest/dg/what-is-glue.html,analytics.html,1,ok,What is AWS Glue? - AWS Glue,1,,/home/z/my-project/download/saa-study-pack/bronze/raw/6-integracion-y-analytics/INT-12.html,/home/z/my-project/download/saa-study-pack/bronze/markdown/6-integracion-y-analytics/INT-12.md,38548,9362,2026-09-11T03:12:03
INT-13,"D3,D4",6,Amazon Athena,Amazon Athena - What is (S3 SQL queries),https://docs.aws.amazon.com/athena/latest/ug/what-is-athena.html,analytics.html,1,ok,What is Amazon Athena? - Amazon Athena,1,,/home/z/my-project/download/saa-study-pack/bronze/raw/6-integracion-y-analytics/INT-13.html,/home/z/my-project/download/saa-study-pack/bronze/markdown/6-integracion-y-analytics/INT-13.md,10307,2132,2026-09-11T03:12:10
INT-14,D3,6,AWS Lake Formation,AWS Lake Formation - What is (data lake governance),https://docs.aws.amazon.com/lakeformation/latest/dg/what-is-lake-formation.html,analytics.html,2,ok,Amazon Web Services Documentation,1,,/home/z/my-project/download/saa-study-pack/bronze/raw/6-integracion-y-analytics/INT-14.html,/home/z/my-project/download/saa-study-pack/bronze/markdown/6-integracion-y-analytics/INT-14.md,35484,287,2026-09-11T03:23:42
INT-15,D3,6,Amazon QuickSight,Amazon QuickSight - Welcome (BI visualization),https://docs.aws.amazon.com/quicksight/latest/user/welcome.html,analytics.html,2,ok,What is Amazon Quick? - Amazon Quick,1,,/home/z/my-project/download/saa-study-pack/bronze/raw/6-integracion-y-analytics/INT-15.html,/home/z/my-project/download/saa-study-pack/bronze/markdown/6-integracion-y-analytics/INT-15.md,22919,1569,2026-09-11T03:23:50
INT-16,D3,6,Amazon OpenSearch,"Amazon OpenSearch Service - What is (search, analytics)",https://docs.aws.amazon.com/opensearch-service/latest/developerguide/what-is.html,analytics.html,2,ok,What is Amazon OpenSearch Service?,1,,/home/z/my-project/download/saa-study-pack/bronze/raw/6-integracion-y-analytics/INT-16.html,/home/z/my-project/download/saa-study-pack/bronze/markdown/6-integracion-y-analytics/INT-16.md,73109,2162,2026-09-11T03:23:56
SEC-01,D1,7,AWS KMS,"AWS KMS - Overview (CMKs, envelope encryption)",https://docs.aws.amazon.com/kms/latest/developerguide/overview.html,kms.html,1,ok,AWS Key Management Service - AWS Key Management Service,1,,/home/z/my-project/download/saa-study-pack/bronze/raw/7-seguridad-migracion-dr/SEC-01.html,/home/z/my-project/download/saa-study-pack/bronze/markdown/7-seguridad-migracion-dr/SEC-01.md,24880,1276,2026-09-11T03:24:01
SEC-02,D1,7,AWS CloudHSM,AWS CloudHSM - Introduction (single-tenant HSM),https://docs.aws.amazon.com/cloudhsm/latest/userguide/introduction.html,kms.html,3,ok,What is AWS CloudHSM? - AWS CloudHSM,1,,/home/z/my-project/download/saa-study-pack/bronze/raw/7-seguridad-migracion-dr/SEC-02.html,/home/z/my-project/download/saa-study-pack/bronze/markdown/7-seguridad-migracion-dr/SEC-02.md,14450,3186,2026-09-11T03:30:52
SEC-03,D1,7,AWS ACM,AWS Certificate Manager - Overview (TLS certs),https://docs.aws.amazon.com/acm/latest/userguide/acm-overview.html,kms.html,1,ok,What is AWS Certificate Manager?,1,,/home/z/my-project/download/saa-study-pack/bronze/raw/7-seguridad-migracion-dr/SEC-03.html,/home/z/my-project/download/saa-study-pack/bronze/markdown/7-seguridad-migracion-dr/SEC-03.md,18870,1078,2026-09-11T03:30:58
SEC-04,D1,7,Secrets Manager,AWS Secrets Manager - Introduction (rotation),https://docs.aws.amazon.com/secretsmanager/latest/userguide/intro.html,secrets.html,1,ok,What is AWS Secrets Manager?,1,,/home/z/my-project/download/saa-study-pack/bronze/raw/7-seguridad-migracion-dr/SEC-04.html,/home/z/my-project/download/saa-study-pack/bronze/markdown/7-seguridad-migracion-dr/SEC-04.md,24222,5602,2026-09-11T03:31:05
SEC-05,D1,7,Amazon Cognito,"Amazon Cognito - What is (user pools, identity pools)",https://docs.aws.amazon.com/cognito/latest/userguide/what-is-amazon-cognito.html,cognito.html,1,ok,Amazon Web Services Documentation,1,,/home/z/my-project/download/saa-study-pack/bronze/raw/7-seguridad-migracion-dr/SEC-05.html,/home/z/my-project/download/saa-study-pack/bronze/markdown/7-seguridad-migracion-dr/SEC-05.md,35481,284,2026-09-11T03:31:09
SEC-06,D1,7,Amazon GuardDuty,Amazon GuardDuty - What is (threat detection),https://docs.aws.amazon.com/guardduty/latest/ug/what-is-guardduty.html,deteccion.html,1,ok,What is Amazon GuardDuty? - Amazon GuardDuty,1,,/home/z/my-project/download/saa-study-pack/bronze/raw/7-seguridad-migracion-dr/SEC-06.html,/home/z/my-project/download/saa-study-pack/bronze/markdown/7-seguridad-migracion-dr/SEC-06.md,40510,13797,2026-09-11T03:31:15
SEC-07,D1,7,Amazon Macie,Amazon Macie - What is (S3 sensitive data discovery),https://docs.aws.amazon.com/macie/latest/user/what-is-macie.html,deteccion.html,2,ok,What is Amazon Macie? - Amazon Macie,1,,/home/z/my-project/download/saa-study-pack/bronze/raw/7-seguridad-migracion-dr/SEC-07.html,/home/z/my-project/download/saa-study-pack/bronze/markdown/7-seguridad-migracion-dr/SEC-07.md,38688,17146,2026-09-11T03:31:20
SEC-08,D1,7,Amazon Inspector,Amazon Inspector - What is (workload vulnerability scanning),https://docs.aws.amazon.com/inspector/latest/user/what-is-inspector.html,deteccion.html,2,ok,What is Amazon Inspector? - Amazon Inspector,1,,/home/z/my-project/download/saa-study-pack/bronze/raw/7-seguridad-migracion-dr/SEC-08.html,/home/z/my-project/download/saa-study-pack/bronze/markdown/7-seguridad-migracion-dr/SEC-08.md,26770,1244,2026-09-11T03:31:24
SEC-09,D1,7,Amazon Detective,Amazon Detective - What is (investigation),https://docs.aws.amazon.com/detective/latest/userguide/what-is-detective.html,deteccion.html,3,ok,What is Amazon Detective? - Amazon Detective,1,,/home/z/my-project/download/saa-study-pack/bronze/raw/7-seguridad-migracion-dr/SEC-09.html,/home/z/my-project/download/saa-study-pack/bronze/markdown/7-seguridad-migracion-dr/SEC-09.md,44154,17704,2026-09-11T03:31:29
SEC-10,D1,7,AWS Security Hub,AWS Security Hub - What is (security posture),https://docs.aws.amazon.com/securityhub/latest/userguide/what-is-securityhub.html,deteccion.html,2,ok,Introduction to AWS Security Hub CSPM,1,,/home/z/my-project/download/saa-study-pack/bronze/raw/7-seguridad-migracion-dr/SEC-10.html,/home/z/my-project/download/saa-study-pack/bronze/markdown/7-seguridad-migracion-dr/SEC-10.md,35995,8470,2026-09-11T03:31:34
SEC-11,D1,7,AWS WAF,"AWS WAF - What is (L7 protection, rules, rate limiting)",https://docs.aws.amazon.com/waf/latest/developerguide/what-is-aws-waf.html,waf-shield.html,1,ok,"What are AWS WAF, AWS Shield Advanced, AWS Shield network security director and AWS Firewall Manager?",1,,/home/z/my-project/download/saa-study-pack/bronze/raw/7-seguridad-migracion-dr/SEC-11.html,/home/z/my-project/download/saa-study-pack/bronze/markdown/7-seguridad-migracion-dr/SEC-11.md,28574,790,2026-09-11T03:31:39
SEC-12,D1,7,AWS Shield,"AWS Shield - Overview (Standard vs Advanced, DDoS)",https://docs.aws.amazon.com/waf/latest/developerguide/shield-overview.html,waf-shield.html,1,ok,"What are AWS WAF, AWS Shield Advanced, AWS Shield network security director and AWS Firewall Manager?",1,,/home/z/my-project/download/saa-study-pack/bronze/raw/7-seguridad-migracion-dr/SEC-12.html,/home/z/my-project/download/saa-study-pack/bronze/markdown/7-seguridad-migracion-dr/SEC-12.md,28610,793,2026-09-11T03:31:50
SEC-13,D1,7,AWS Firewall Manager,AWS Firewall Manager - What is (centralized WAF mgmt),https://docs.aws.amazon.com/fms/latest/developerguide/what-is-fms.html,waf-shield.html,3,ok,Amazon Web Services Documentation,1,,/home/z/my-project/download/saa-study-pack/bronze/raw/7-seguridad-migracion-dr/SEC-13.html,/home/z/my-project/download/saa-study-pack/bronze/markdown/7-seguridad-migracion-dr/SEC-13.md,35477,280,2026-09-11T03:31:54
SEC-14,D1,7,AWS Network Firewall,AWS Network Firewall - What is (VPC-level L3/L4),https://docs.aws.amazon.com/network-firewall/latest/developerguide/what-is-aws-network-firewall.html,waf-shield.html,2,ok,What is AWS Network Firewall?,1,,/home/z/my-project/download/saa-study-pack/bronze/raw/7-seguridad-migracion-dr/SEC-14.html,/home/z/my-project/download/saa-study-pack/bronze/markdown/7-seguridad-migracion-dr/SEC-14.md,53579,1361,2026-09-11T03:32:03
SEC-15,D1,7,AWS Artifact,AWS Artifact - What is (compliance reports),https://docs.aws.amazon.com/artifact/latest/ug/what-is-aws-artifact.html,kms.html,3,ok,What is AWS Artifact? - AWS Artifact,1,,/home/z/my-project/download/saa-study-pack/bronze/raw/7-seguridad-migracion-dr/SEC-15.html,/home/z/my-project/download/saa-study-pack/bronze/markdown/7-seguridad-migracion-dr/SEC-15.md,16130,2076,2026-09-11T03:32:24
SEC-16,D1,7,AWS Directory Service,"AWS Directory Service - What is (AD, federation)",https://docs.aws.amazon.com/directoryservice/latest/admin-guide/what_is.html,iam.html,2,ok,What is AWS Directory Service?,1,,/home/z/my-project/download/saa-study-pack/bronze/raw/7-seguridad-migracion-dr/SEC-16.html,/home/z/my-project/download/saa-study-pack/bronze/markdown/7-seguridad-migracion-dr/SEC-16.md,62047,11687,2026-09-11T03:32:32
SEC-17,D1,7,AWS RAM,AWS Resource Access Manager - What is (shared resources),https://docs.aws.amazon.com/ram/latest/userguide/what-is.html,organizaciones.html,3,ok,What is AWS Resource Access Manager?,1,,/home/z/my-project/download/saa-study-pack/bronze/raw/7-seguridad-migracion-dr/SEC-17.html,/home/z/my-project/download/saa-study-pack/bronze/markdown/7-seguridad-migracion-dr/SEC-17.md,51105,7839,2026-09-11T03:32:36
MIG-01,D2,7,Whitepaper DR,"Disaster Recovery of Workloads on AWS - DR options (backup/restore, pilot light, warm standby, active-active, RTO/RPO)",https://docs.aws.amazon.com/whitepapers/latest/disaster-recovery-workloads-on-aws/disaster-recovery-options-in-the-cloud.html,dr.html,1,ok,Disaster recovery options in the cloud,1,,/home/z/my-project/download/saa-study-pack/bronze/raw/7-seguridad-migracion-dr/MIG-01.html,/home/z/my-project/download/saa-study-pack/bronze/markdown/7-seguridad-migracion-dr/MIG-01.md,90585,1418,2026-09-11T03:32:42
MIG-02,"D3,D4",7,AWS DMS,AWS Database Migration Service - Welcome (homogeneous/heterogeneous),https://docs.aws.amazon.com/dms/latest/userguide/Welcome.html,migracion.html,1,ok,What is AWS Database Migration Service?,1,,/home/z/my-project/download/saa-study-pack/bronze/raw/7-seguridad-migracion-dr/MIG-02.html,/home/z/my-project/download/saa-study-pack/bronze/markdown/7-seguridad-migracion-dr/MIG-02.md,22802,2291,2026-09-11T03:32:47
MIG-03,D2,7,AWS MGN,AWS Application Migration Service - What is (lift-and-shift),https://docs.aws.amazon.com/mgn/latest/ug/what-is-mgn.html,migracion.html,1,ok,What Is AWS Transform MGN?,1,,/home/z/my-project/download/saa-study-pack/bronze/raw/7-seguridad-migracion-dr/MIG-03.html,/home/z/my-project/download/saa-study-pack/bronze/markdown/7-seguridad-migracion-dr/MIG-03.md,29806,645,2026-09-11T03:32:53
MIG-04,D2,7,AWS Migration Hub,AWS Migration Hub - What is,https://docs.aws.amazon.com/migrationhub/latest/ug/what-is-aws-migration-hub.html,migracion.html,3,ok,What Is AWS Migration Hub?,1,,/home/z/my-project/download/saa-study-pack/bronze/raw/7-seguridad-migracion-dr/MIG-04.html,/home/z/my-project/download/saa-study-pack/bronze/markdown/7-seguridad-migracion-dr/MIG-04.md,27936,713,2026-09-11T03:33:00
GOV-01,"D2,D3",8,Amazon CloudWatch,"Amazon CloudWatch - What is (metrics, alarms, logs, dashboards)",https://docs.aws.amazon.com/AmazonCloudWatch/latest/monitoring/WhatIsCloudWatch.html,cloudwatch.html,1,ok,What is Amazon CloudWatch? - Amazon CloudWatch,1,,/home/z/my-project/download/saa-study-pack/bronze/raw/8-gobernanza-y-costos/GOV-01.html,/home/z/my-project/download/saa-study-pack/bronze/markdown/8-gobernanza-y-costos/GOV-01.md,51287,13328,2026-09-11T03:33:05
GOV-02,D1,8,AWS CloudTrail,AWS CloudTrail - User Guide (API auditing),https://docs.aws.amazon.com/awscloudtrail/latest/userguide/cloudtrail-user-guide.html,cloudtrail.html,1,ok,What Is AWS CloudTrail? - AWS CloudTrail,1,,/home/z/my-project/download/saa-study-pack/bronze/raw/8-gobernanza-y-costos/GOV-02.html,/home/z/my-project/download/saa-study-pack/bronze/markdown/8-gobernanza-y-costos/GOV-02.md,29361,367,2026-09-11T03:33:10
GOV-03,D1,8,AWS Config,"AWS Config - What is (compliance, drift detection)",https://docs.aws.amazon.com/config/latest/developerguide/WhatIsConfig.html,cloudtrail.html,1,ok,What Is AWS Config? - AWS Config,1,,/home/z/my-project/download/saa-study-pack/bronze/raw/8-gobernanza-y-costos/GOV-03.html,/home/z/my-project/download/saa-study-pack/bronze/markdown/8-gobernanza-y-costos/GOV-03.md,26877,7922,2026-09-11T03:33:17
GOV-04,D2,8,AWS CloudFormation,AWS CloudFormation - User Guide (IaC),https://docs.aws.amazon.com/AWSCloudFormation/latest/UserGuide/Welcome.html,cloudformation.html,1,ok,What is CloudFormation? - AWS CloudFormation,1,,/home/z/my-project/download/saa-study-pack/bronze/raw/8-gobernanza-y-costos/GOV-04.html,/home/z/my-project/download/saa-study-pack/bronze/markdown/8-gobernanza-y-costos/GOV-04.md,28020,5575,2026-09-11T03:33:22
GOV-05,"D2,D4",8,AWS Systems Manager,"AWS Systems Manager - What is (patch, ops, Run Command)",https://docs.aws.amazon.com/systems-manager/latest/userguide/what-is-systems-manager.html,cloudformation.html,2,ok,What is AWS Systems Manager?,1,,/home/z/my-project/download/saa-study-pack/bronze/raw/8-gobernanza-y-costos/GOV-05.html,/home/z/my-project/download/saa-study-pack/bronze/markdown/8-gobernanza-y-costos/GOV-05.md,45040,8080,2026-09-11T03:33:27
GOV-06,D4,8,AWS Trusted Advisor,AWS Trusted Advisor - Best practices checks,https://docs.aws.amazon.com/awssupport/latest/user/trusted-advisor.html,costos.html,1,ok,AWS Trusted Advisor - AWS Support,1,,/home/z/my-project/download/saa-study-pack/bronze/raw/8-gobernanza-y-costos/GOV-06.html,/home/z/my-project/download/saa-study-pack/bronze/markdown/8-gobernanza-y-costos/GOV-06.md,18622,395,2026-09-11T03:33:33
GOV-07,D4,8,AWS Compute Optimizer,AWS Compute Optimizer - What is (right-sizing),https://docs.aws.amazon.com/compute-optimizer/latest/ug/what-is-compute-optimizer.html,costos.html,1,ok,What is AWS Compute Optimizer?,1,,/home/z/my-project/download/saa-study-pack/bronze/raw/8-gobernanza-y-costos/GOV-07.html,/home/z/my-project/download/saa-study-pack/bronze/markdown/8-gobernanza-y-costos/GOV-07.md,28951,6082,2026-09-11T03:33:37
GOV-08,D4,8,AWS Cost Explorer,"AWS Cost Explorer - What is (cost analysis, forecasting)",https://docs.aws.amazon.com/cost-management/latest/userguide/ce-what-is.html,costos.html,1,ok,Analyzing your costs and usage with AWS Cost Explorer,1,,/home/z/my-project/download/saa-study-pack/bronze/raw/8-gobernanza-y-costos/GOV-08.html,/home/z/my-project/download/saa-study-pack/bronze/markdown/8-gobernanza-y-costos/GOV-08.md,12705,3783,2026-09-11T03:33:42
GOV-09,D4,8,AWS Budgets,"AWS Budgets - Managing costs (alerts, thresholds)",https://docs.aws.amazon.com/cost-management/latest/userguide/budgets-managing-costs.html,costos.html,1,ok,Managing your costs with AWS Budgets,1,,/home/z/my-project/download/saa-study-pack/bronze/raw/8-gobernanza-y-costos/GOV-09.html,/home/z/my-project/download/saa-study-pack/bronze/markdown/8-gobernanza-y-costos/GOV-09.md,16633,4916,2026-09-11T03:33:48
GOV-10,D4,8,AWS CUR,AWS Cost and Usage Report - What is (most granular costing),https://docs.aws.amazon.com/cur/latest/userguide/what-is-cur.html,costos.html,2,ok,What are AWS Cost and Usage Reports?,1,,/home/z/my-project/download/saa-study-pack/bronze/raw/8-gobernanza-y-costos/GOV-10.html,/home/z/my-project/download/saa-study-pack/bronze/markdown/8-gobernanza-y-costos/GOV-10.md,27091,2682,2026-09-11T03:33:53
GOV-11,D2,8,AWS X-Ray,"AWS X-Ray - What is (tracing, distributed debugging)",https://docs.aws.amazon.com/xray/latest/devguide/aws-xray.html,cloudwatch.html,2,ok,What is AWS X-Ray? - AWS X-Ray,1,,/home/z/my-project/download/saa-study-pack/bronze/raw/8-gobernanza-y-costos/GOV-11.html,/home/z/my-project/download/saa-study-pack/bronze/markdown/8-gobernanza-y-costos/GOV-11.md,15866,724,2026-09-11T03:33:58
GOV-12,"D1,D2,D3,D4",8,WA Tool,AWS Well-Architected Tool - Introduction (reviews),https://docs.aws.amazon.com/wellarchitected/latest/userguide/intro.html,well-architected.html,3,ok,What is AWS Well-Architected Tool?,1,,/home/z/my-project/download/saa-study-pack/bronze/raw/8-gobernanza-y-costos/GOV-12.html,/home/z/my-project/download/saa-study-pack/bronze/markdown/8-gobernanza-y-costos/GOV-12.md,11240,2723,2026-09-11T03:34:03
GOV-13,D2,8,AWS Health,AWS Health - What is (Personal Health Dashboard),https://docs.aws.amazon.com/health/latest/ug/what-is-aws-health.html,cloudwatch.html,3,ok,What is AWS Health? - AWS Health,1,,/home/z/my-project/download/saa-study-pack/bronze/raw/8-gobernanza-y-costos/GOV-13.html,/home/z/my-project/download/saa-study-pack/bronze/markdown/8-gobernanza-y-costos/GOV-13.md,13813,1632,2026-09-11T03:34:08
